UnitID,Institution Name,Tuition and fees - Total (F2122_F2),Total revenues and investment return - Total (F2122_F2),Net total revenues  after assets released from restriction - Total (F2122_F2),Tuition and fees - Total (F2021_F2),Total revenues and investment return - Total (F2021_F2),Net total revenues  after assets released from restriction - Total (F2021_F2),Tuition and fees - Total (F1920_F2),Total revenues and investment return - Total (F1920_F2),Net total revenues  after assets released from restriction - Total (F1920_F2),Tuition and fees - Total (F1819_F2),Total revenues and investment return - Total (F1819_F2),Net total revenues  after assets released from restriction - Total (F1819_F2),
168528,Adrian College,21928117,52281041,52281041,22040657,50647760,50647760,22102081,49137841,49137841,23069717,50581448,50581448,
138600,Agnes Scott College,16347043,58393219,58393219,18144022,94464230,94464230,15316077,55188797,55188797,13976827,49384260,49384260,
128498,Albertus Magnus College,18707760,20718585,20718585,19725981,42767444,42767444,17816291,29285934,29285934,18032435,26067414,26067414,
210571,Albright College,15633514,43306569,43306569,19329076,64158402,64158402,21216753,40373720,40373720,25311624,50390292,50390292,
168591,Alma College,18892494,30017658,30017658,20580646,81866898,81866898,21043106,52009507,52009507,21096844,50509883,50509883,
164492,Anna Maria College,17286501,31364508,31364508,18365630,33133669,33133669,17170623,26027386,26027386,17951018,26654269,26654269,
237136,Appalachian Bible College,1190396,6529749,6529749,1208102,6763977,6763977,1253574,5476296,5476296,1402173,5689231,5689231,
168786,Aquinas College,16717853,27170821,27170821,18290063,48071403,48071403,20102254,34890847,34890847,19117409,35425714,35425714,
105899,Arizona Christian University,12225727,24297200,24297200,10950732,29854312,29854312,9578834,16673882,16673882,8021783,36569637,36569637,
222877,Arlington Baptist University,2361397,3776404,3776404,1929435,3714475,3714475,1828596,2854528,2854528,1931616,2899860,2899860,
201061,Art Academy of Cincinnati,4628186,5875650,5875650,4483693,7115211,7115211,4351325,6006461,6006461,3793858,5009876,5009876,
109651,Art Center College of Design,106145000,96586000,96586000,90189000,138386000,138386000,100676000,114431000,114431000,96107000,112042000,112042000,
156213,Asbury University,18371494,39945739,39945739,20058475,66763560,66763560,21998504,34238244,34238244,22877681,42655767,42655767,
164562,Assumption University,38428363,74122994,74122994,38783026,66806546,66806546,38052576,70313272,70313272,37244833,69723568,69723568,
143084,Augustana College,37910032,55930012,55930012,40939579,123561609,123561609,42997033,80274747,80274747,43056769,85601635,85601635,
222983,Austin College,18118447,21827968,21827968,18843594,77270596,77270596,17650259,48661792,48661792,17498292,55737087,55737087,
231420,Averett University,18648389,30531760,30531760,18132728,39610085,39610085,14150003,29227627,29227627,15087469,26456363,26456363,
176628,Avila University,14768279,29411964,29411964,16052265,31498916,31498916,17522090,26840174,26840174,19540575,28347686,28347686,
164580,Babson College,138984405,230611736,230611736,127114303,429876826,429876826,129822235,258080438,258080438,126759583,269307826,269307826,
201195,Baldwin Wallace University,46182431,63993700,63993700,49591475,138675114,138675114,55767975,101824059,101824059,59563505,105190459,105190459,
223117,Baptist Missionary Association Theological Seminary,351721,1223052,1223052,326268,1695932,1695932,422596,1721296,1721296,421249,1695192,1695192,
132408,Baptist University of Florida,1834991,4778278,4778278,2175353,8751050,8751050,2432185,6432968,6432968,2770526,7837081,7837081,
444398,Baptist University of the Americas,947632,4410069,4410069,871658,5211328,5211328,1097311,3074339,3074339,965030,3038846,3038846,
155070,Barclay College,3950627,8693305,8693305,3644961,9871238,9871238,3732607,8289839,8289839,3818469,8503213,8503213,
197911,Barton College,16599902,28454635,28454635,15015363,34426321,34426321,15065357,33142209,33142209,14383057,25537958,25537958,
197984,Belmont Abbey College,15256993,38704989,38704989,14990158,41375271,41375271,14866362,34087466,34087466,14815262,32071480,32071480,
217721,Benedict College,20084344,51338067,51338067,18237555,87431161,87431161,20396179,49374322,49374322,21774228,49228266,49228266,
154712,Benedictine College,31164145,85544789,85544789,28565257,69927292,69927292,27173894,57253200,57253200,25895307,54391704,54391704,
230816,Bennington College,22985851,36284325,36284325,21499366,65083494,65083494,23582867,50631899,50631899,25675161,49101349,49101349,
164748,Berklee College of Music,242313532,261535058,261535058,187954876,351544790,351544790,228945271,275051764,275051764,249719799,289029942,289029942,
139144,Berry College,27967528,145830351,145830351,27706247,345109270,345109270,28076685,18965438,18965438,30111844,182863624,182863624,
237181,Bethany College,3941541,22106299,22106299,3991274,19338590,19338590,4195315,17619394,17619394,5737427,19659902,19659902,
486284,Bethany Global University,1127247,16052579,16052579,1490198,15100333,15100333,1363898,15143179,15143179,1339058,13861492,13861492,
173142,Bethany Lutheran College,7427782,16080859,16080859,7110078,33675579,33675579,7426509,17309611,17309611,7480753,19205220,19205220,
150145,Bethel University,15169824,28937220,28937220,15370109,33596855,33596855,15938035,25177131,25177131,16967419,28663334,28663334,
219718,Bethel University,21548332,39050518,39050518,25986806,41268585,41268585,31268389,46561374,46561374,33650714,49682926,49682926,
132602,Bethune-Cookman University,15733618,102446331,102446331,26648464,109143465,109143465,26857191,77036802,77036802,36049823,83335543,83335543,
100937,Birmingham-Southern College,11322316,31292016,31292016,12093165,43188270,43188270,10883516,37079363,37079363,13802483,35072980,35072980,
183822,Bloomfield College,20838580,34652247,34652247,24675202,51636791,51636791,27735635,40152297,40152297,28162798,41912251,41912251,
175430,Blue Mountain Christian University,4679646,13098714,13098714,4876366,16316731,16316731,4799028,11826869,11826869,4073129,12572817,12572817,
231554,Bluefield University,12071668,22128072,22128072,12338563,21241219,21241219,12736449,20419792,20419792,13326510,20962710,20962710,
201371,Bluffton University,6758365,20926187,20926187,6831612,26676973,26676973,7186694,19605044,19605044,7885440,19790643,19790643,
189413,Boricua College,4849830,8096805,8096805,5732193,15573678,15573678,7530100,9924476,9924476,8243541,8977504,8977504,
164872,Boston Architectural College,16695653,17666686,17666686,16471404,22586768,22586768,16290218,17817228,17817228,15024248,17365435,17365435,
156356,Brescia University,7659363,13197731,13197731,8079445,20145532,20145532,8354698,15079764,15079764,8565519,13709011,13709011,
198066,Brevard College,9388793,26699656,26699656,9165494,21927836,21927836,9069195,21114439,21114439,8724231,19246500,19246500,
139205,Brewton-Parker College,5868312,12899825,12899825,5492796,15998755,15998755,5349623,12256730,12256730,5068150,11073912,11073912,
497408,Bridges Christian College,28030,353798,353798,,,,,,,,,,
231581,Bridgewater College,15302781,26258388,26258388,16981801,80170900,80170900,19303988,41682756,41682756,20277648,50260821,50260821,
217165,Bryant University,95387000,159705000,159705000,101722000,212184000,212184000,102117000,152982000,152982000,101106000,165557000,165557000,
210492,Bryn Athyn College of the New Church,3891920,7607843,7607843,4134754,25334442,25334442,4590923,9404471,9404471,4443396,28371365,28371365,
211291,Bucknell University,143949000,230524000,230524000,143399000,520997000,520997000,146818000,214291000,214291000,137957000,262096000,262096000,
153001,Buena Vista University,22610229,30711889,30711889,21299288,72086821,72086821,22003628,37657996,37657996,23257252,42598547,42598547,
209409,Bushnell University,8926236,27777586,27777586,7701383,23780453,23780453,9273773,16010384,16010384,9133631,17767774,17767774,
215114,Cairn University-Langhorne,12042036,23828355,23828355,12634832,28983323,28983323,12838054,22134352,22134352,9790000,19771979,19771979,
110370,California College of the Arts,48001000,70020000,70020000,47535000,85953000,85953000,62702000,91089000,91089000,63826000,87579000,87579000,
150172,Calumet College of Saint Joseph,7519430,14410774,14410774,8349656,14093191,14093191,8165268,11543959,11543959,8293268,10126210,10126210,
169080,Calvin University,49587000,106707000,106707000,55301000,159182000,159182000,61143000,152956000,152956000,65715000,136318000,136318000,
189705,Canisius University,39006601,74636112,74636112,43040458,107760458,107760458,45303973,72506369,72506369,48556612,72296754,72296754,
461032,Carolina College of Biblical Studies,790058,1352334,1352334,802207,1421933,1421933,966364,1488421,1488421,1057362,1522611,1522611,
180106,Carroll College,18063224,33597998,33597998,16982878,53970071,53970071,18945938,38749938,38749938,20356671,40322855,40322855,
238476,Carthage College,41387667,51842558,51842558,41102067,113469479,113469479,44261442,75232960,75232960,46699165,84067029,84067029,
198215,Catawba College,27310835,257103787,257103787,28040428,110640825,110640825,29902019,69921240,69921240,29367867,75782622,75782622,
475398,Catholic Distance University,962660,1891593,1891593,1086900,2048084,2048084,1044926,1766517,1766517,1020020,1726303,1726303,
158477,Centenary College of Louisiana,6511670,14898498,14898498,6856203,55662181,55662181,6660792,18240528,18240528,7009486,22689839,22689839,
154855,Central Christian College of Kansas,5319900,10311417,10311417,6001561,11643070,11643070,6457618,12944948,12944948,7489132,13430327,13430327,
176910,Central Christian College of the Bible,851753,5210604,5210604,891280,9912777,9912777,1034535,5644445,5644445,1077850,4593908,4593908,
445267,Central Methodist University-College of Graduate and Extended Studies,,,,,,,,,,,,,
189857,Central Yeshiva Tomchei Tmimim Lubavitz,5311674,9292591,9292591,5179062,7101970,7101970,4172721,5206248,5206248,3482392,4296396,4296396,
230852,Champlain College,52521454,77160644,77160644,57559135,93944631,93944631,62910679,85550889,85550889,64398479,93687700,93687700,
198303,Chowan University,8694515,21224184,21224184,11392312,27242041,27242041,12222674,26665761,26665761,14522387,30241158,30241158,
219833,Christian Brothers University,24282730,39366602,39366602,22136039,52519341,52519341,25293155,50884219,50884219,24619552,38576743,38576743,
457697,City Vision University,484116,655568,655568,359300,443548,443548,300968,389367,389367,261958,456828,456828,
217873,Claflin University,28556094,74483926,74483926,29672529,112220942,112220942,27222286,53470118,53470118,26335133,52364712,52364712,
112260,Claremont McKenna College,51599000,183569000,183569000,45411000,511985000,511985000,49019000,272333000,272333000,47947000,193264000,193264000,
156417,Clear Creek Baptist Bible College,557412,1790386,1790386,515665,5817493,5817493,415402,3320500,3320500,477130,3214784,3214784,
169327,Cleary University,8258821,10792790,10792790,6902245,11852348,11852348,6696650,10479622,10479622,6653944,13290791,13290791,
190099,Colgate University,157723521,214513722,214513722,145150869,570567810,570567810,118766274,230781674,230781674,137134334,274619063,274619063,
169442,College for Creative Studies,35124933,46289103,46289103,35083994,83890686,83890686,37074599,53142794,53142794,34341290,59053322,59053322,
160959,College of the Atlantic,15256003,12463658,12463658,15022063,48428311,48428311,14523996,30606110,30606110,13645437,39504154,39504154,
126678,Colorado College,90273612,96360996,96360996,75354590,324084368,324084368,87815715,208473772,208473772,85611161,204508288,204508288,
177065,Columbia College,47558694,62349893,62349893,59166532,121013303,121013303,69670542,77385130,77385130,79987949,97544653,97544653,
217934,Columbia College,16609989,22070894,22070894,14649915,28869443,28869443,14188083,25084504,25084504,14594487,22267372,22267372,
144281,Columbia College Chicago,108281139,119941224,119941224,110367287,195250594,195250594,129373990,189751154,189751154,139563645,179353531,179353531,
202170,Columbus College of Art & Design,19584264,30930521,30930521,17579346,24992683,24992683,21753467,29093617,29093617,21747258,29615489,29615489,
173300,Concordia College at Moorhead,28547598,67040576,67040576,33113395,107760094,107760094,35761298,88705894,88705894,37325485,98422712,98422712,
169363,Concordia University Ann Arbor,,,,,,,,,,,,,
180984,Concordia University-Nebraska,19716867,35984069,35984069,28240672,69593846,69593846,21122478,44150717,44150717,19656439,41139583,41139583,
153162,Cornell College,16470258,34046688,34046688,16776843,66040778,66040778,16384869,47346777,47346777,16621967,40613755,40613755,
139393,Covenant College,13528319,26999631,26999631,13219181,43128561,43128561,14102280,32294415,32294415,14984956,35740135,35740135,
475608,Criswell College,1046436,4923805,4923805,1385029,11609966,11609966,1557400,8252366,8252366,1559801,6480211,6480211,
174862,Crown College,13091521,18375714,18375714,13388738,22372321,22372321,12706728,18513983,18513983,13518013,19229037,19229037,
177144,Culver-Stockton College,10120575,16651405,16651405,10335077,34347511,34347511,10707249,21225517,21225517,11080850,21807444,21807444,
219949,Cumberland University,17816715,36194493,36194493,17497588,36612631,36612631,16398525,30263122,30263122,16407254,29629326,29629326,
165529,Curry College,40458545,62999917,62999917,43392854,97157817,97157817,46135835,72105537,72105537,46297425,70014429,70014429,
211893,Curtis Institute of Music,998712,51150758,51150758,607987,30459722,30459722,745421,20583474,20583474,748054,21594864,21594864,
219091,Dakota Wesleyan University,10032590,15337557,15337557,9743013,27126915,27126915,9201269,21863118,21863118,9194990,16556427,16556427,
224244,Dallas Christian College,2522572,5401490,5401490,2068070,4290420,4290420,2254784,4114900,4114900,2424765,4110206,4110206,
169479,Davenport University,65151588,93718339,93718339,72429228,96173210,96173210,75769269,91553408,91553408,77052929,92359404,92359404,
202514,Defiance College,6746912,10710772,10710772,6818108,19548222,19548222,6983961,14254525,14254525,7768726,13930352,13930352,
212009,Dickinson College,53733608,122476826,122476826,49633410,256343105,256343105,60511446,113254934,113254934,67214510,147868941,147868941,
158802,Dillard University,8924636,34341847,34341847,9628046,59120673,59120673,11402064,31778058,31778058,11617089,44020917,44020917,
153250,Dordt University,23291972,52205272,52205272,21181460,75123485,75123485,21511530,48258819,48258819,21550058,48733478,48733478,
177214,Drury University,16510071,32538999,32538999,17844671,56675945,56675945,18799725,39753105,39753105,19920643,43244944,43244944,
150455,Earlham College,7169080,6206905,6206905,8613425,154826796,154826796,10360046,22064639,22064639,11710966,50840658,50840658,
224527,East Texas Baptist University,16627464,45154158,45154158,16432073,36796487,36796487,18601426,41706804,41706804,18672055,37729308,37729308,
165644,Eastern Nazarene College,5771829,21653509,21653509,6515049,24054896,24054896,6309520,15872656,15872656,7144528,17497846,17497846,
446233,Ecclesia College,1202760,2626410,2626410,1706669,2820479,2820479,1788359,2372481,2372481,1772973,2310567,2310567,
133526,Edward Waters University,14342310,43410931,43410931,12547568,37893857,37893857,11147498,27017098,27017098,10981882,23490031,23490031,
190983,Elmira College,10428958,21162077,21162077,11256585,28730628,28730628,13336138,25817688,25817688,15450020,30254218,30254218,
104586,Embry-Riddle Aeronautical University-Prescott,93028000,112623000,112623000,86298000,115374000,115374000,74292000,89475000,89475000,73395000,89458000,89458000,
426314,Embry-Riddle Aeronautical University-Worldwide,91494000,91500000,91500000,104393000,118944000,118944000,102509000,106446000,106446000,91421000,96058000,96058000,
165662,Emerson College,176955108,230982416,230982416,153189021,292839854,292839854,163967284,228063536,228063536,152180631,219293402,219293402,
165671,Emmanuel College,32583151,50278120,50278120,33882001,93085123,93085123,37201518,81761344,81761344,36399220,87017452,87017452,
139630,Emmanuel University,8238593,19297899,19297899,8541850,18103899,18103899,9106733,16019676,16019676,8907500,16021223,16021223,
385619,Everglades University,40274380,44045197,44045197,35451792,36551110,36551110,31815745,33364514,33364514,31283094,33002046,33002046,
232089,Ferrum College,11836310,23265582,23265582,12997897,43928635,43928635,13448183,29192712,29192712,14751999,32572260,32572260,
165802,Fisher College,15935681,14321096,14321096,16388191,36640508,36640508,17186351,22576338,22576338,18597083,25708721,25708721,
220181,Fisk University,8131760,41880127,41880127,8772834,46424119,46424119,7986872,57001969,57001969,6322415,35607831,35607831,
133711,Flagler College,36423867,84260816,84260816,35452983,80465040,80465040,38497177,61380218,61380218,39359857,65792197,65792197,
480569,Florida Institute of Technology-Online,8644032,8644032,8644032,9373460,9373460,9373460,10266557,10285788,10285788,12047530,12096699,12096699,
133979,Florida Memorial University,16350038,44058772,44058772,14434451,44767756,44767756,16297707,74492333,74492333,16400996,34871076,34871076,
205957,Franciscan University of Steubenville,41956358,108161982,108161982,37086745,103402390,103402390,39741733,96081410,96081410,40272994,74063492,74063492,
150604,Franklin College,13431991,14924261,14924261,14039828,54290960,54290960,13311956,21436868,21436868,13686974,27044798,27044798,
114813,Fresno Pacific University,44788498,70411290,70411290,52553823,72171971,72171971,55111035,72955299,72955299,54031017,69061895,69061895,
218070,Furman University,56240830,134625950,134625950,59303108,389344750,389344750,71972522,130276397,130276397,67590937,153164594,153164594,
212656,Geneva College,16781473,35014076,35014076,17779603,46135837,46135837,18450961,40736528,40736528,19143972,35081787,35081787,
156745,Georgetown College,10091071,25694968,25694968,10537924,41932930,41932930,11396354,30166195,30166195,12743510,29213728,29213728,
212674,Gettysburg College,58936425,128440317,128440317,59283815,196891138,196891138,76122553,122360196,122360196,77665174,136208543,136208543,
230889,Goddard College,6647790,8839756,8839756,5868080,7581659,7581659,5944853,8407875,8407875,6743257,8532220,8532220,
202903,Gods Bible School and College,1356938,7979845,7979845,1021705,5971962,5971962,1332516,4867398,4867398,1179297,5057388,5057388,
165936,Gordon College,24975815,39490491,39490491,28128085,72705341,72705341,31754327,63318728,63318728,32653650,115795731,115795731,
162654,Goucher College,23566000,48758000,48758000,27675000,128653000,128653000,26697000,53923000,53923000,28108000,63756000,63756000,
170000,Grace Christian University,5909330,13392384,13392384,6277366,12910470,12910470,8966597,13607077,13607077,6576392,15524188,15524188,
153375,Grand View University,19568632,42624731,42624731,21657125,45370441,45370441,23023402,35804111,35804111,23184608,36233519,36233519,
198598,Greensboro College,8297144,16230837,16230837,8867374,25163517,25163517,9608549,17531802,17531802,10736631,19327536,19327536,
145372,Greenville University,10713204,28680888,28680888,11138900,33400119,33400119,12177906,29470303,29470303,12873411,24783364,24783364,
198613,Guilford College,15009965,41941852,41941852,17594999,74592051,74592051,19006791,44387864,44387864,19092864,42858142,42858142,
225201,Hallmark University,17329193,20285288,20285288,18081297,19547014,19547014,15557866,16645751,16645751,14548606,15692348,15692348,
177542,Hannibal-LaGrange University,5830528,15360281,15360281,5714697,15383172,15383172,6761047,11585502,11585502,8158277,14662289,14662289,
191533,Hartwick College,24479483,37014067,37014067,24421147,67135686,67135686,25773116,36907062,36907062,25834981,44205928,44205928,
181127,Hastings College,9159548,20476026,20476026,9790331,44862763,44862763,9774600,23163564,23163564,9190058,27728144,27728144,
203085,Heidelberg University,13319058,40581212,40581212,14019313,55539282,55539282,15537947,33025472,33025472,15369494,37280802,37280802,
166054,Hellenic College-Holy Cross Greek Orthodox School of Theology,2167009,17501852,17501852,1826057,19517844,19517844,1282049,14415917,14415917,1873542,11429622,11429622,
107080,Hendrix College,10866998,34192137,34192137,11986710,104437618,104437618,12516972,35201539,35201539,14420956,35254392,35254392,
198677,Heritage Bible College,231726,460247,460247,253636,411189,411189,311451,469040,469040,153126,393941,393941,
101453,Heritage Christian University,383659,3067142,3067142,893150,7201618,7201618,817141,4280862,4280862,239792,5817221,5817221,
235422,Heritage University,11287100,21839008,21839008,15636985,39279600,39279600,14190286,22997206,22997206,14602960,24073049,24073049,
459842,Herzing University-Kenosha,11257955,11714479,11714479,11964962,12391914,12391914,9796185,10115116,10115116,5972943,6142226,6142226,
174154,Herzing University-Minneapolis,12327994,12844720,12844720,10658021,11033025,11033025,9341055,9633182,9633182,6875953,7030959,7030959,
433536,Herzing University-New Orleans,5360132,5430867,5430867,6021274,6083845,6083845,6227067,6268760,6268760,6302039,6336390,6336390,
191621,Hilbert College,9078728,15077175,15077175,10069781,20319790,20319790,10323918,13385708,13385708,10018631,13058276,13058276,
203128,Hiram College,12366201,23168336,23168336,12828167,44903442,44903442,14974570,30746407,30746407,14601198,31542209,31542209,
191630,Hobart William Smith Colleges,39036579,52105653,52105653,45283589,174142630,174142630,57563858,99684602,99684602,58768261,105242631,105242631,
134510,Hobe Sound Bible College,870478,6139509,6139509,828157,5073601,5073601,1006183,4163946,4163946,1077039,4861638,4861638,
367884,Hodges University,11183979,15076355,15076355,12343341,16523630,16523630,15982858,19920357,19920357,17908556,19558895,19558895,
232308,Hollins University,7519317,82963937,82963937,7911043,85642121,85642121,7730170,22764540,22764540,8737631,31521539,31521539,
129534,Holy Apostles College and Seminary,3561613,5467346,5467346,3347399,6428580,6428580,3236284,4280122,4280122,2695388,3565463,3565463,
191676,Houghton University,11429869,22231586,22231586,13320791,52712908,52712908,13998798,33977548,33977548,14296468,30265361,30265361,
225548,Howard Payne University,9119269,25555149,25555149,9261549,31310605,31310605,10458487,29046621,29046621,11129939,17782176,17782176,
164368,Hult International Business School,66957335,69300068,69300068,109630721,115955630,115955630,122093941,124434011,124434011,91232264,96807823,96807823,
101435,Huntingdon College,11495206,22101081,22101081,11496855,35997787,35997787,12068260,23808475,23808475,12136759,23333211,23333211,
225575,Huston-Tillotson University,14362782,39362145,39362145,13061861,50797744,50797744,13672220,29238931,29238931,12373064,23062995,23062995,
145691,Illinois College,13429750,29311523,29311523,14280151,64520238,64520238,12839587,29871433,29871433,12194241,27056722,27056722,
191931,Iona University,68917000,103840000,103840000,69679000,150952000,150952000,70368000,104378000,104378000,73682000,119940000,119940000,
225885,Jarvis Christian University,7249560,27396100,27396100,6608757,41873735,41873735,8082685,17815456,17815456,8435983,20805629,20805629,
107141,John Brown University,20037266,40290319,40290319,20850761,95552757,95552757,21742497,49400594,49400594,23488853,55512669,55512669,
203368,John Carroll University,51181820,72115263,72115263,52804330,156663561,156663561,53609821,96838385,96838385,53673859,92444127,92444127,
198756,Johnson C Smith University,13481637,114950230,114950230,14561495,55648452,55648452,18144123,48890136,48890136,18471523,43519991,43519991,
213251,Juniata College,21857165,42866381,42866381,24039422,80788566,80788566,23231940,48226013,48226013,24418032,49304970,49304970,
155308,Kansas Christian College,1883904,4959697,4959697,759958,3337715,3337715,603983,2757560,2757560,639560,2708418,2708418,
155414,Kansas Wesleyan University,9490627,22642294,22642294,10029853,32510916,32510916,9064932,21002528,21002528,9121804,18825627,18825627,
157100,Kentucky Christian University,2251774,12919564,12919564,2011434,15348701,15348701,3889011,11539457,11539457,4558646,12621337,12621337,
169983,Kettering University,39654078,54419394,54419394,44578024,99258424,99258424,49664397,62754368,62754368,51205473,84892868,84892868,
192192,Keuka College,18487215,32356198,32356198,21478906,39809857,39809857,24454329,42615351,42615351,25750680,41106055,41106055,
213303,Keystone College,13196831,25898621,25898621,14348317,28305896,28305896,15730508,27755842,27755842,16731513,25411559,25411559,
171881,Kuyper College,1391606,4664355,4664355,1844347,7321569,7321569,1703422,5844200,5844200,2066286,6216728,6216728,
140234,LaGrange College,9676294,21651504,21651504,12231509,39946240,39946240,14989260,32071081,32071081,15531455,37917476,37917476,
117168,Laguna College of Art and Design,17015244,19463503,19463503,16342906,22424649,22424649,17810599,21532633,21532633,16846558,18469246,18469246,
203580,Lake Erie College,9780331,17705708,17705708,10656455,31272218,31272218,11557360,20993348,20993348,10816315,19175321,19175321,
146481,Lake Forest College,26347042,60752664,60752664,24599122,77653759,77653759,27239823,61677435,61677435,26897927,64064942,64064942,
238980,Lakeland University,23180322,33732401,33732401,20689212,43726068,43726068,22022009,30832705,30832705,21455422,38664784,38664784,
166391,Lasell University,30003818,46010192,46010192,32693798,61217150,61217150,37215518,54813020,54813020,37756228,62317030,62317030,
198808,Lees-McRae College,7827697,27400916,27400916,7200708,20760337,20760337,7063383,20946594,20946594,8319568,18810628,18810628,
226231,LeTourneau University,34250770,55199763,55199763,33789436,60483900,60483900,33625736,48959211,48959211,32977337,48504750,48504750,
117104,Life Pacific University,5965544,12292414,12292414,6399139,14118340,14118340,6098220,13685232,13685232,5966383,9582478,9582478,
218238,Limestone University,20118553,37776215,37776215,22106656,40878236,40878236,24511593,38754703,38754703,26951952,38506319,38506319,
209065,Linfield University,38632059,48699736,48699736,39872955,87501519,87501519,39951508,79483568,79483568,38896138,68511406,68511406,
198862,Livingstone College,10548514,36889564,36889564,11860079,37897711,37897711,15160689,34086523,34086523,15854814,31055306,31055306,
153825,Loras College,17213023,44712094,44712094,17774096,49123751,49123751,19667350,41071538,41071538,19923968,45108987,45108987,
474863,Los Angeles Pacific University,19945125,20960858,20960858,20925756,22023408,22023408,21025718,21198466,21198466,23742599,23955181,23955181,
159568,Louisiana Christian University,9833461,21142787,21142787,10644518,34877056,34877056,11504198,24395529,24395529,11547306,25139571,25139571,
106342,Lyon College,5715541,21829941,21829941,5409307,19931054,19931054,6055753,69367080,69367080,6022180,17355970,17355970,
161509,Maine College of Art & Design,9745587,19258111,19258111,8517117,21928303,21928303,9937812,16510261,16510261,9154567,15980657,15980657,
203775,Malone University,13360244,23130587,23130587,14951131,32786120,32786120,17544331,26994813,26994813,18061456,30268536,30268536,
192703,Manhattan College,77634641,122109831,122109831,83359997,163320619,163320619,88627232,146791770,146791770,88363056,153990150,153990150,
239080,Marian University,17653411,27959616,27959616,19789239,42462167,42462167,19915593,27550728,27550728,20603384,32302422,32302422,
203845,Marietta College,15187965,29846613,29846613,15531000,66626200,66626200,15550705,41864144,41864144,16983101,44792558,44792558,
198899,Mars Hill University,11726441,37221627,37221627,13106756,47981911,47981911,12039781,40824110,40824110,12330105,34238917,34238917,
173452,Martin Luther College,12216219,29142872,29142872,11748751,38141396,38141396,11647063,24562424,24562424,12809836,22350764,22350764,
151810,Martin University,1996981,6429253,6429253,2596552,6502852,6502852,2426779,5498947,5498947,2722487,4569979,4569979,
163295,Maryland Institute College of Art,63218409,82323672,82323672,50383861,89943426,89943426,68935086,99785677,99785677,66495796,91952540,91952540,
220710,Maryville College,14536816,24695698,24695698,14352919,62083663,62083663,15442852,36865237,36865237,12929879,34044956,34044956,
164270,McDaniel College,32125000,53212000,53212000,34939000,109633000,109633000,33119000,61342000,61342000,30825000,64666000,64666000,
226587,McMurry University,13146567,37350230,37350230,13623942,43159319,43159319,15109387,35130501,35130501,15044963,31505443,31505443,
155511,McPherson College,8466169,43109233,43109233,8370901,33023405,33023405,8445167,22763108,22763108,8226051,19760673,19760673,
118693,Menlo College,13312299,45111218,45111218,14825255,36797095,36797095,15006386,28314943,28314943,13424701,26797768,26797768,
153977,Mercy College of Health Sciences,19744699,20283000,20283000,18495019,23773000,23773000,17893846,19610490,19610490,14868254,16294055,16294055,
213987,Mercyhurst University,45080569,96292459,96292459,48623925,103290769,103290769,42645687,80814113,80814113,39437494,89525582,89525582,
198950,Meredith College,30807409,38992124,38992124,33385440,82814121,82814121,33750476,63196139,63196139,35321456,58488041,58488041,
166850,Merrimack College,102981318,162127048,162127048,107427557,177128750,177128750,104098732,146516193,146516193,90548391,141652209,141652209,
147129,Methodist College,11205230,12641430,12641430,12350574,14231553,14231553,12119189,12344970,12344970,12794701,13217114,13217114,
190114,Metropolitan College of New York,16373065,26817734,26817734,21137455,27676387,27676387,23499305,28978422,28978422,24746958,27468732,27468732,
245953,Mid-America Christian University,17063497,30531031,30531031,16616145,28654280,28654280,15995426,27082014,27082014,17372620,27397813,27397813,
155520,MidAmerica Nazarene University,22299330,35839123,35839123,22673405,38749658,38749658,21489851,40304663,40304663,22101000,38790083,38790083,
157377,Midway University,14575735,17606866,17606866,14256621,30510536,30510536,14090673,20521912,20521912,13540965,21143712,21143712,
480985,Midwives College of Utah,1226016,1692177,1692177,1020372,1673191,1673191,916105,1302062,1302062,878770,1318072,1318072,
175980,Millsaps College,9720856,24804129,24804129,9584138,65864854,65864854,12454253,32645110,32645110,11613910,40430863,40430863,
239318,Milwaukee School of Engineering,43214881,70771870,70771870,41969058,118201768,118201768,42426737,93726756,93726756,42353421,87977380,87977380,
174127,Minneapolis College of Art and Design,15015461,31006754,31006754,14315845,34018828,34018828,15623030,24025712,24025712,16230532,22034694,22034694,
176664,Mission University,2086427,5838798,5838798,2122839,5042192,5042192,2158120,4408154,4408154,2292543,4716435,4716435,
178369,Missouri Valley College,12292918,22339038,22339038,12869567,27358648,27358648,13537468,23727119,23727119,10970436,21880568,21880568,
199032,Montreat College,11682034,47543938,47543938,11209658,30747203,30747203,10165982,19261778,19261778,9388182,19800406,19800406,
214148,Moore College of Art and Design,10671485,12649376,12649376,10743895,28150327,28150327,10997200,19029014,19029014,10729882,22375788,22375788,
214166,Mount Aloysius College,16580655,17565161,17565161,17837525,50448418,50448418,18379073,25308292,25308292,18803771,29571472,29571472,
166939,Mount Holyoke College,61095228,86022264,86022264,55786375,420063579,420063579,59541961,140210673,140210673,56748175,170186029,170186029,
193353,Mount Saint Mary College,31314287,32757684,32757684,29739936,70996188,70996188,35088959,59195764,59195764,36795756,59182805,59182805,
163462,Mount St. Mary's University,36614236,89282946,89282946,38893040,72231892,72231892,37521243,64729485,64729485,37576582,71869519,71869519,
204194,Mount Vernon Nazarene University,18626916,35107269,35107269,20487527,47732120,47732120,20782752,37226842,37226842,20617834,39216053,39216053,
214175,Muhlenberg College,47024661,67681747,67681747,53110973,160673526,160673526,59698060,98710759,98710759,63414790,110800810,110800810,
127653,Naropa University,17904964,25929929,25929929,16653970,27744410,27744410,16430878,23735635,23735635,16811151,20600083,20600083,
181446,Nebraska Wesleyan University,26910000,43537000,43537000,27590142,62131000,62131000,28535000,44669000,44669000,28628000,44421000,44421000,
194116,New York School of Interior Design,17062279,12051018,12051018,15677341,26206915,26206915,15059289,20241587,20241587,13517650,16113146,16113146,
218414,Newberry College,13948223,39386888,39386888,15323967,36611175,36611175,14787324,36422207,36422207,14114269,31661235,31661235,
167260,Nichols College,21171264,33134027,33134027,22681306,48254416,48254416,23356680,46042973,46042973,22776054,41780006,41780006,
461795,North American University,6930105,13420447,13420447,6777662,12287797,12287797,5318574,13183278,13183278,4505495,11389421,11389421,
199209,North Carolina Wesleyan University,15164889,35242718,35242718,17924487,38914151,38914151,18745843,40469018,40469018,17910166,30574403,30574403,
174437,North Central University,11790056,24871810,24871810,12810394,28397083,28397083,13349270,28458204,28458204,13207388,24745075,24745075,
118888,Northeastern University Oakland,,,,15628596,94996508,94996508,19426275,59093400,59093400,21590104,59793709,59793709,
217606,Northpoint Bible College,1797876,4938021,4938021,2709534,6242023,6242023,2896447,6757041,6757041,3074483,6957469,6957469,
487603,Northwest University-Center for Online and Extended Education,4675974,4823974,4823974,5120000,5147738,5147738,5496000,5516000,5516000,5857529,5892619,5892619,
154101,Northwestern College,18350084,31221358,31221358,16853710,55669817,55669817,15342622,31771987,31771987,13910048,30777811,30777811,
230995,Norwich University,47916000,79745000,79745000,56920000,237606000,237606000,53865000,121818000,121818000,54946000,117157000,117157000,
101912,Oakwood University,17620690,54456136,54456136,18229391,61654689,61654689,21999794,58363294,58363294,23316539,57079560,57079560,
204501,Oberlin College,96790071,143176967,143176967,71570914,540777300,540777300,87260272,211606241,211606241,86626797,227028208,227028208,
120254,Occidental College,67587797,137395810,137395810,53175300,242581449,242581449,66263311,120405897,120405897,60458590,147191261,147191261,
140696,Oglethorpe University,20219128,36872672,36872672,20285629,47461660,47461660,19073264,35103689,35103689,17767821,30813709,30813709,
201964,Ohio Christian University,11781974,17188696,17188696,12801679,22251111,22251111,17669795,23847106,23847106,24363006,28713449,28713449,
204617,Ohio Dominican University,15791793,26096292,26096292,17067413,36185667,36185667,17926134,28688294,28688294,18561283,28714308,28714308,
207403,Oklahoma Baptist University,17528208,60154104,60154104,21018722,82036938,82036938,21791621,63172292,63172292,22747287,48799945,48799945,
207324,Oklahoma Christian University,24465735,58369068,58369068,23554959,55915863,55915863,22727901,44276495,44276495,24308189,48856024,48856024,
120403,Otis College of Art and Design,40521737,66610535,66610535,30574141,52881379,52881379,39837997,47069688,47069688,38011194,48984725,48984725,
464226,Ottawa University-Surprise,,,,,,,,,,,,,
107512,Ouachita Baptist University,18403076,45450339,45450339,17134631,69386247,69386247,16046441,46912779,46912779,15541460,45558349,45558349,
178679,Ozark Christian College,4962260,10890571,10890571,5182659,17470611,17470611,5643027,11976172,11976172,4823288,11439110,11439110,
209603,Pacific Northwest College of Art,,,,11687581,18230081,18230081,11632819,17216390,17216390,10523977,15857950,15857950,
120768,Pacific Oaks College,18440101,21609008,21609008,19623303,25824492,25824492,19676169,20303712,20303712,18600676,18975712,18975712,
457484,Pacific Rim Christian University,1072296,2443246,2443246,1346182,2433864,2433864,1384255,1633481,1633481,1298604,1665119,1665119,
120838,Pacific States University,312544,363830,363830,272451,834306,834306,311567,330816,330816,389242,482167,482167,
120865,Pacific Union College,11714375,34672148,34672148,14053081,49156215,49156215,14363623,38320583,38320583,16145937,45488074,45488074,
178721,Park University,60201285,85635678,85635678,68259096,89099441,89099441,75187857,86743921,86743921,72321256,88266781,88266781,
227429,Paul Quinn College,3477946,19552534,19552534,4613750,21977997,21977997,4582927,13746291,13746291,4425710,15150367,15150367,
194392,Paul Smiths College of Arts and Science,16335470,28782085,28782085,14705435,33137580,33137580,8539883,25427989,25427989,9192926,27186415,27186415,
214883,Peirce College,10079720,11728233,11728233,12211763,21896509,21896509,13259467,16595611,16595611,15156253,18006256,18006256,
214971,Pennsylvania Academy of the Fine Arts,2410819,4231073,4231073,2807248,30816019,30816019,5318237,14792557,14792557,6413915,27267133,27267133,
199306,Pfeiffer University,15051935,31606371,31606371,14782693,33610409,33610409,14782373,32518991,32518991,14470914,25296593,25296593,
107600,Philander Smith University,3852997,23147800,23147800,4731491,50406495,50406495,8154198,20991054,20991054,8423904,20484344,20484344,
440794,Pillar College,6737273,10117795,10117795,7172220,9955822,9955822,8058614,10079166,10079166,7996918,8718245,8718245,
138868,Point University,10539792,26272211,26272211,11861431,27413714,27413714,16377767,28820639,28820639,15179660,27145705,27145705,
456481,Polytechnic University of Puerto Rico-Miami,793653,1192653,1192653,1349480,1413648,1413648,1294995,1294995,1294995,1224412,1224412,1224412,
456490,Polytechnic University of Puerto Rico-Orlando,1492228,2660679,2660679,1958489,3423441,3423441,1880436,3189163,3189163,1896550,3707718,3707718,
205027,Pontifical College Josephinum,711049,2640760,2640760,794947,13601123,13601123,1836333,6027407,6027407,2511596,8158814,8158814,
194578,Pratt Institute-Main,183515286,234694880,234694880,144813528,168523598,168523598,180515980,219160000,219160000,176765950,224767836,224767836,
217402,Providence College,146792598,219971380,219971380,145068622,315969498,315969498,144377843,220255089,220255089,138718057,231100183,231100183,
199412,Queens University of Charlotte,29196862,41554247,41554247,32296788,97150057,97150057,29785914,59793975,59793975,29954521,67333036,67333036,
148131,Quincy University,8965725,28094502,28094502,9371357,27785494,27785494,9640961,25957095,25957095,9544857,21043627,21043627,
194666,Rabbinical College Bobover Yeshiva Bnei Zion,4664500,7906769,7906769,4035450,8305134,8305134,3282760,5291356,5291356,3230875,4061033,4061033,
186186,Rabbinical College of America,2535961,10901164,10901164,2750855,8645104,8645104,2560323,8324788,8324788,2432727,6294088,6294088,
207157,Randall University,2714774,4885999,4885999,2533851,5265521,5265521,2188610,5245206,5245206,2523734,4868864,4868864,
233301,Randolph College,7758380,20253547,20253547,8597244,86464256,86464256,8101438,24580482,24580482,8454202,32880125,32880125,
233295,Randolph-Macon College,25748874,33116857,33116857,27787462,109175457,109175457,26186546,61594309,61594309,25822256,61960968,61960968,
497480,Reach University,1969836,4655421,4655421,,,,,,,,,,
209922,Reed College,55950747,67372547,67372547,50052901,307297445,307297445,52914873,105511166,105511166,51747823,102416979,102416979,
490230,Reformed University,1562031,1562031,1562031,922232,922232,922232,902259,902259,902259,743452,743652,743652,
140872,Reinhardt University,15618377,31692836,31692836,16416971,34589363,34589363,18170480,32538437,32538437,18040407,31122887,31122887,
217493,Rhode Island School of Design,116045382,113053528,113053528,93953690,243007541,243007541,107741240,155428203,155428203,104545664,162427040,162427040,
221351,Rhodes College,37345542,44694807,44694807,32425796,165006473,165006473,38897893,69467122,69467122,39971299,78560254,78560254,
239628,Ripon College,11282357,26173605,26173605,11003245,52562317,52562317,11566206,26066015,26066015,12311057,34336557,34336557,
233426,Roanoke College,33845244,71315060,71315060,34471222,106470843,106470843,34412154,62474399,62474399,34803612,71296330,71296330,
170967,Rochester University,10215136,19543689,19543689,10896113,17777427,17777427,10024228,15583957,15583957,11022257,14720407,14720407,
148405,Rockford University,16918918,25022588,25022588,17686704,35325666,35325666,16811653,25865088,25865088,16730742,25992079,25992079,
217518,Roger Williams University,88085883,160645172,160645172,90340083,166300811,166300811,89677592,138919667,138919667,88984257,155488799,155488799,
152318,Rose-Hulman Institute of Technology,49879417,79641063,79641063,50899150,146545140,146545140,56942124,104683922,104683922,58416426,109427247,109427247,
215691,Rosemont College,7888207,16509224,16509224,7966530,21652196,21652196,9366809,19110297,19110297,10829075,19167185,19167185,
172033,Sacred Heart Major Seminary,2998191,8276420,8276420,3203742,16459046,16459046,3238174,8242577,8242577,4002791,9879584,9879584,
183239,Saint Anselm College,37610494,63498643,63498643,38902055,141036972,141036972,39108486,78529093,78529093,41268575,90467371,90467371,
199582,Saint Augustine's University,1457036,32510428,32510428,1279050,32895036,32895036,12790788,27323102,27323102,10801294,32744580,32744580,
216047,Saint Charles Borromeo Seminary-Overbrook,3125229,6299743,6299743,3330284,23554335,23554335,3324513,12806471,12806471,3608006,13654073,13654073,
174792,Saint Johns University,31866538,63750921,63750921,31441814,153977566,153977566,33728887,70330219,70330219,35202050,88862980,88862980,
161518,Saint Joseph's College of Maine,17854491,33213710,33213710,20495873,41859355,41859355,20977244,34988442,34988442,21907529,39849039,39849039,
231059,Saint Michael's College,36280737,55573237,55573237,40791664,92646313,92646313,45513783,57169321,57169321,47994561,72326186,72326186,
239716,Saint Norbert College,39868901,67870283,67870283,41258986,111757319,111757319,42167687,73096524,73096524,44350224,75283706,75283706,
148627,Saint Xavier University,56458363,74252822,74252822,57556115,81623130,81623130,54901614,66660464,66660464,55533770,66744024,66744024,
199607,Salem College,4228926,15405797,15405797,6615567,34532150,34532150,5893371,18598162,18598162,6749201,30566190,30566190,
112084,San Diego Christian College,7523803,13130614,13130614,9104351,14390145,14390145,10150285,15340788,15340788,10919243,11376870,11376870,
122506,San Francisco Conservatory of Music,11848000,49856000,49856000,10865000,51010000,51010000,12006000,56338000,56338000,11711000,41926000,41926000,
195304,Sarah Lawrence College,49506804,104497778,104497778,42758189,99797953,99797953,48895212,79208635,79208635,49301260,85898180,85898180,
140951,Savannah College of Art and Design,389116339,475749164,475749164,370324705,483801534,483801534,396509848,478871042,478871042,380631322,486926595,486926595,
143048,School of the Art Institute of Chicago,125275403,159171220,159171220,107593240,145069731,145069731,128799844,160789889,160789889,125694633,160805679,160805679,
228042,Schreiner University,16093979,38840329,38840329,16910450,37901557,37901557,17932513,35653102,35653102,17658162,36238201,36238201,
195438,Sh'or Yoshuv Rabbinical College,2174817,6523486,6523486,1904015,6794447,6794447,1505996,5809724,5809724,1234912,4395358,4395358,
123280,Shasta Bible College and Graduate School,111617,1328885,1328885,177225,1026595,1026595,309269,800712,800712,266677,1211496,1211496,
199643,Shaw University,17104556,42319188,42319188,19183919,65520027,65520027,18513731,37834187,37834187,20303771,39866672,39866672,
140988,Shorter University,12497161,25700032,25700032,12628407,26940596,26940596,13267181,24772045,24772045,13671287,23438170,23438170,
195474,Siena College,62416362,119334532,119334532,62710045,151041140,151041140,57490538,113646978,113646978,47526428,106338154,106338154,
172264,Siena Heights University,15318290,39312090,39312090,17445670,45404485,45404485,20606387,36698252,36698252,21639253,39361946,39361946,
461759,Simmons College of Kentucky,2821216,14230913,14230913,814688,8162046,8162046,1068803,3690613,3690613,1032691,5944877,5944877,
154350,Simpson College,16745040,35526403,35526403,17775004,62761111,62761111,19350836,34327794,34327794,20801530,33318865,33318865,
123457,Simpson University,13633021,32136677,32136677,11919253,24792209,24792209,12201443,20885765,20885765,11585770,19866267,19866267,
399911,Soka University of America,2755000,-109249000,-109249000,2209000,378467000,378467000,2348000,1362000,1362000,3503000,65973000,65973000,
123952,Southern California Institute of Architecture,21298000,17127000,17127000,19119000,32208000,32208000,20856000,25276000,25276000,21687000,25459000,25459000,
228468,Southwestern Adventist University,11167218,28361659,28361659,9512991,28054840,28054840,8782187,19608699,19608699,9449060,21137499,21137499,
207856,Southwestern Christian University,4281191,9146215,9146215,4565963,9520261,9520261,3905903,6256924,6256924,5041034,7641177,7641177,
102234,Spring Hill College,14274211,35542405,35542405,14993027,50737386,50737386,16327161,37499912,37499912,17852090,39353575,39353575,
195164,St Bonaventure University,35550130,70565193,70565193,33729936,91661859,91661859,32884747,69286227,69286227,30572690,64789456,64789456,
195216,St Lawrence University,48879860,73988156,73988156,51668918,211337433,211337433,59358922,129080177,129080177,61189193,148011561,148011561,
199698,St. Andrews University,14299689,25159718,25159718,12934853,21710393,21710393,8310228,20047145,20047145,7147134,19397156,19397156,
195173,St. Francis College,31015703,42405131,42405131,31810762,65655228,65655228,29000047,38026415,38026415,32308765,46279592,46279592,
137272,St. John Vianney College Seminary,2220768,2536018,2536018,2222768,2736108,2736108,2286828,2829346,2829346,2361038,4104714,4104714,
163976,St. John's College,8723283,9432066,9432066,8095654,61766389,61766389,9457925,36857166,36857166,9465100,37666257,37666257,
245652,St. John's College,6150349,30436087,30436087,5295894,23807019,23807019,5436748,30779398,30779398,5306318,18620258,18620258,
195544,St. Joseph's University-New York,68251000,91049000,91049000,72313000,90930000,90930000,81644000,96011000,96011000,19133000,21972000,21972000,
195243,St. Thomas Aquinas College,17852007,23278117,23278117,18953059,44315149,44315149,18521837,34270128,34270128,19151847,32644074,32644074,
179548,Stephens College,8314832,35357937,35357937,8276906,33967859,33967859,8068497,19283977,19283977,9691422,21581997,21581997,
155937,Sterling College,5670131,11543947,11543947,5529264,13538426,13538426,5787105,11890742,11890742,6024730,15998144,15998144,
167996,Stonehill College,47370475,92391149,92391149,52014319,188367426,188367426,53835271,99719064,99719064,53479149,115315012,115315012,
447953,SUM Bible College and Theological Seminary,3287067,6293384,6293384,3602900,6110937,6110937,3890900,6597800,6597800,3720500,5620800,5620800,
216278,Susquehanna University,37361820,67786495,67786495,39560780,116016331,116016331,40841997,73729218,73729218,42986720,86147338,86147338,
233718,Sweet Briar College,4056334,20180388,20180388,3561747,44140448,44140448,4040312,27618819,27618819,3736390,21111298,21111298,
155973,Tabor College,10492012,19767040,19767040,9617537,20832381,20832381,5177218,14783135,14783135,6112158,17445109,17445109,
102298,Talladega College,14658171,45384412,45384412,11122898,39867953,39867953,11568080,27241744,27241744,9925099,23350776,23350776,
137777,Talmudic College of Florida,219020,5007655,5007655,302660,5586474,5586474,309033,3550490,3550490,237104,4544399,4544399,
196440,Talmudical Institute of Upstate New York,57286,1746000,1746000,138000,1343752,1343752,453466,2652799,2652799,492151,1854209,1854209,
152530,Taylor University,31053269,73285000,73285000,32015324,94316000,94316000,33659195,66751000,66751000,34840788,65901000,65901000,
149329,Telshe Yeshiva-Chicago,2624077,13190667,13190667,2206540,5494704,5494704,1882661,5048121,5048121,1944161,4267407,4267407,
221731,Tennessee Wesleyan University,13085319,23263309,23263309,13894792,25928359,25928359,12647691,21228828,21228828,10098338,15836436,15836436,
142294,The College of Idaho,8775070,24236351,24236351,9465201,55396493,55396493,8718339,26941415,26941415,9015669,29368975,29368975,
195234,The College of Saint Rose,28610253,57171196,57171196,36804361,73687080,73687080,40970907,65667273,65667273,41180434,70853663,70853663,
190372,The Cooper Union for the Advancement of Science and Art,12591271,85577067,85577067,11851612,159997762,159997762,13307294,99403759,99403759,13540971,131061969,131061969,
171599,The University of Olivet,9317505,21115912,21115912,10815851,28013813,28013813,11317139,22054782,22054782,11761850,22141101,22141101,
216357,Thiel College,10519585,28099530,28099530,8816447,36820552,36820552,7712714,21009014,21009014,9756307,25239280,25239280,
161563,Thomas College,9011381,17399578,17399578,10272253,32169548,32169548,10494763,22316395,22316395,11645343,23750023,23750023,
157809,Thomas More University,22380084,37201815,37201815,22953899,46460340,46460340,24236089,34937719,34937719,25387234,33871499,33871499,
141167,Thomas University,12400302,17909432,17909432,12060980,18393429,18393429,11442324,14569915,14569915,11703692,14682880,14682880,
141185,Toccoa Falls College,12118009,19177032,19177032,12555978,21011838,21011838,12759014,18655991,18655991,12169515,18135887,18135887,
176406,Tougaloo College,5125168,37768785,37768785,5329259,41366521,41366521,5189195,27676647,27676647,5567191,27485528,27485528,
137953,Trinity Baptist College,4900763,5820342,5820342,3878178,5116644,5116644,3184968,3985266,3985266,3003025,3932565,3932565,
149505,Trinity Christian College,13015089,30842668,30842668,14052696,34492129,34492129,15754387,26899281,26899281,17206062,28795338,28795338,
130590,Trinity College,68774001,159057955,159057955,66819515,334567913,334567913,72223083,146502643,146502643,71800309,176566200,176566200,
135610,Trinity International University-Florida,1327350,1489087,1489087,1376697,1608590,1608590,1843576,1842709,1842709,2343957,2586991,2586991,
229267,Trinity University,49483813,202095271,202095271,50597219,502450720,502450720,52882075,151437123,151437123,48515544,120631258,120631258,
131876,Trinity Washington University,20525295,35152321,35152321,21857751,55642878,55642878,20817777,36152981,36152981,21155467,32563365,32563365,
141237,Truett McConnell University,14114141,23620276,23620276,14716027,25779560,25779560,14795087,21349146,21349146,15467494,22509029,22509029,
221953,Tusculum University,12381875,27381400,27381400,12843597,33204166,33204166,13008639,30603755,30603755,14354502,25144589,25144589,
181738,Union Adventist University,12434054,28803772,28803772,12780922,28652168,28652168,13337721,29490807,29490807,13145562,27222111,27222111,
157863,Union College,10103176,12299575,12299575,11700234,32020587,32020587,12040965,19504789,19504789,13408037,28713364,28713364,
161572,Unity Environmental University,29308066,32810340,32810340,16888703,27001551,27001551,15422472,23187204,23187204,14201025,21811906,21811906,
457402,University of Fort Lauderdale,1545376,3360876,3360876,1069827,2272034,2272034,324174,1158353,1158353,340365,1272045,1272045,
199069,University of Mount Olive,20965277,38329038,38329038,23522597,45817647,45817647,24964927,40206920,40206920,28821173,43044840,43044840,
193399,University of Mount Saint Vincent,48661864,68125463,68125463,48897737,75249765,75249765,38455310,65771713,65771713,35087980,52000800,52000800,
174491,University of Northwestern-St Paul,39292303,97651441,97651441,39543912,92526417,92526417,40324066,84383849,84383849,41845963,85579048,85579048,
180258,University of Providence,10557558,19710377,19710377,10779097,23766121,23766121,9426664,20327278,20327278,9426664,20551680,20551680,
488785,University of Saint Katherine,3937220,5731944,5731944,3844175,4944897,4944897,3295104,3713575,3713575,2686882,3478748,3478748,
216542,University of Valley Forge,5354752,13157918,13157918,5932586,14033428,14033428,6181232,10951491,10951491,6589532,13054161,13054161,
154493,Upper Iowa University,28675962,40884470,40884470,35752429,53871249,53871249,39917573,49411587,49411587,41327980,51250207,51250207,
149639,VanderCook College of Music,4278351,6314172,6314172,4226926,7663811,7663811,4937138,5776400,5776400,4296672,5884989,5884989,
123651,Vanguard University of Southern California,37775989,71393837,71393837,34885185,49482429,49482429,36064276,51796539,51796539,33955693,49658992,49658992,
197133,Vassar College,104666555,44975899,44975899,92898593,493879943,493879943,89598361,172526413,172526413,87126795,246022859,246022859,
234173,Virginia Wesleyan University,17892143,25731534,25731534,19884810,114874858,114874858,21459822,42458670,42458670,21955443,44737136,44737136,
218919,Voorhees University,3787756,24097859,24097859,3578527,38478899,38478899,4892692,15971071,15971071,5079738,14945081,14945081,
138275,Warner University,9863270,20004144,20004144,10943726,25015147,25015147,11503921,22180299,22180299,12021738,19695337,19695337,
199865,Warren Wilson College,10673075,26661610,26661610,9297369,35453519,35453519,11214802,27576992,27576992,11190752,27044881,27044881,
154527,Wartburg College,25385202,49921618,49921618,26511971,79444552,79444552,25651039,56335243,56335243,23602963,52948995,52948995,
216667,Washington & Jefferson College,16860328,29188419,29188419,21235612,78578182,78578182,25428912,44287249,44287249,27310163,56100636,56100636,
162210,Washington Adventist University,9365436,23045652,23045652,13185947,28567311,28567311,12353875,29560575,29560575,14863861,28131442,28131442,
138293,Webber International University,12139197,18624651,18624651,11835117,21160616,21160616,9408400,15411649,15411649,8632885,14306091,14306091,
220206,Welch College,2166418,9717435,9717435,2586477,8740360,8740360,3065453,7511581,7511581,2776200,8281077,8281077,
168227,Wentworth Institute of Technology,84391218,120087316,120087316,86564490,161556052,161556052,92117081,133330332,133330332,91272964,137360137,137360137,
141325,Wesleyan College,6306608,11301543,11301543,6637982,33507206,33507206,6823625,16264788,16264788,6715076,18250342,18250342,
433387,Western Governors University,1007623833,1047241492,1047241492,937823144,1029371233,1029371233,865377333,881284189,881284189,788677230,806169102,806169102,
216807,Westminster College,13148828,37412395,37412395,13579136,67059710,67059710,14164793,30662519,30662519,14581690,42393069,42393069,
125763,Whittier College,25796747,32612620,32612620,33348836,91875840,91875840,41562994,57343990,57343990,42837853,68861150,68861150,
206491,Wilberforce University,5269037,18358288,18358288,5418425,40652171,40652171,5656070,17360052,17360052,6339323,16891243,16891243,
122728,William Jessup University,23838924,44477130,44477130,26729605,45804954,45804954,26676438,47709275,47709275,27049028,36424641,36424641,
179955,William Jewell College,9065924,30299111,30299111,9240191,41287848,41287848,8959216,24305472,24305472,9704258,39284131,39284131,
154590,William Penn University,13347906,25620389,25620389,12612071,28262256,28262256,11597495,24116594,24116594,11145571,24620380,24620380,
107877,Williams Baptist University,3530697,13467480,13467480,4382287,15075065,15075065,4224795,10426040,10426040,3573439,8840896,8840896,
168342,Williams College,80122755,-310343929,-310343929,59678073,1546875543,1546875543,73086044,234789885,234789885,72226909,421366006,421366006,
443340,Williamson Christian College,611381,1140278,1140278,506451,1350402,1350402,752385,966165,966165,760850,922630,922630,
206507,Wilmington College,13139639,19969933,19969933,13399945,61405042,61405042,13553971,39358242,39358242,13717732,26182189,26182189,
217013,Wilson College,13962133,17260307,17260307,15110495,40950853,40950853,14736959,27140691,27140691,13321879,27513742,27513742,
240338,Wisconsin Lutheran College,13970670,33016303,33016303,13675094,47549756,47549756,13368297,27417047,27417047,13693110,37309708,37309708,
206525,Wittenberg University,16988470,51086110,51086110,19035631,54280708,54280708,20967209,43949258,43949258,25320744,54097226,54097226,
125897,Woodbury University,26351588,29134568,29134568,29216108,38537408,38537408,32783594,39920542,39920542,30563265,36379356,36379356,
363712,Yeshivah Gedolah Rabbinical College,367677,1948285,1948285,461151,1225923,1225923,264204,639826,639826,249292,658828,658828,
197692,Yeshivath Shaar Hatorah,1515388,2972494,2972494,1443222,2855387,2855387,1361531,2700432,2700432,1597347,2714645,2714645,
181853,York University,3825437,13457123,13457123,3735649,18741019,18741019,3967940,11662221,11662221,3683030,11304820,11304820,
141361,Young Harris College,8484042,8713261,8713261,8787873,54591828,54591828,8933387,31203527,31203527,9308430,26560620,26560620,